ID,Name,Region,Role
T-01,Alghero,Northwest,Arrival Port & Initial Staging (Book I)
T-02,Sassari,Northwest,Urban Transit & Archives (Book I)
T-03,Porto Torres,Northwest,Roman transit (Book I)
T-04,Castelsardo,North,Coastal chokepoint (Book I)
T-05,Bosa,West,River crossing (Book I)
T-06,Macomer,Marghine,Transit to interior (Book II)
T-07,Cabras,Sinis/West,Museum access / Mont'e Prama (Book II)
T-08,Oristano,West,Urban transit (Book II)
T-09,Iglesias,Southwest,Mining district entry (Book III)
T-10,Carbonia,Southwest,Deep mining archives (Book III)
T-11,Sant'Antioco,Southwest,Coastal transit / Bisso weavers (Book III)
T-12,Pula,South,Transit / Nora access (Book III)
T-13,Cagliari,South,Major port / Mid-saga climax (Book III)
T-14,Barumini,Marmilla,Nuragic epicenter (Book IV)
T-15,Ulassai,Ogliastra,Mountain weaving lore (Book IV)
T-16,Baunei,East,Mountain / Golgo access (Book IV)
T-17,Dorgali,East,Cave access / Tiscali staging (Book V)
T-18,Orgosolo,Barbagia,Bandit lore / mountain transit (Book V)
T-19,Mamoiada,Barbagia,Ritual site - Mamuthones (Book V)
T-20,Ottana,Barbagia,Ritual site - Boes/Merdules (Book V)
T-21,Nuoro,Barbagia,Cultural center / Final knowledge (Book V)
T-22,Bitti,Northeast,Romanzesu sanctuary (Book V)
T-23,Olbia,Northeast,Departure Port (Book V)
