ID,Name,Type,Region,UNESCO_Status
A-01,Anghelu Ruju,Domus de Janas,Northwest,None
A-02,Nuraghe Palmavera,Nuragic Complex,Northwest,None
A-03,Monte d'Accoddi,Ziggurat/Altar,Sassari,Tentative List
A-04,Turris Libisonis,Roman Ruins,Porto Torres,None
A-05,Santu Antine,Nuragic Complex,Torralba,Tentative List
A-06,Nuraghe Losa,Nuragic Complex,Abbasanta,Tentative List
A-07,Pozzo di Santa Cristina,Sacred Well,Paulilatino,Tentative List
A-08,Tharros,Punic/Roman City,Sinis,None
A-09,Mont'e Prama,Necropolis/Statues,Cabras,None
A-10,Cuccuru Is Arrius,Prehistoric Site,Cabras,None
A-11,Su Nuraxi di Barumini,Nuragic Complex,Marmilla,Inscribed World Heritage
A-12,Casa Zapata,Nuraghe under Mansion,Barumini,None
A-13,Monte Sirai,Punic Settlement,Carbonia,None
A-14,Porto Flavia,Cliffside Mine,Iglesias,None
A-15,Tuvixeddu,Punic Necropolis,Cagliari,None
A-16,Nora,Punic/Roman City,Pula,None
A-17,Santa Vittoria,Sanctuary,Serri,Tentative List
A-18,Tiscali,Nuragic Village,Dorgali,None
A-19,Serra Orrios,Nuragic Village,Dorgali,None
A-20,Romanzesu,Nuragic Sanctuary,Bitti,None
A-21,Complesso di Noddule,Nuragic Site,Nuoro,None
