ID,Name,Type,Region
N-01,Grotta di Nettuno,Sea-level Cave,Alghero
N-02,Domus de Janas (Sant'Andrea Priu),Rock-cut tombs,Bonorva
N-03,Monte Arci,Volcanic Massif (Obsidian),Oristano
N-04,Giara di Gesturi,Basaltic Plateau,Marmilla
N-05,Golgo Plateau & Su Sterru,Karst Sinkhole,Baunei
N-06,Gola di Gorropu,Deep Canyon,Supramonte
N-07,Grotta di Ispinigoli,Cave (Stalagmite),Dorgali
N-08,Supramonte di Orgosolo,Limestone Massif,Barbagia
N-09,Capo Testa,Granite formations,Gallura (Epilogue)
N-10,Tavolara,Limestone Island,Olbia
