Book,Chapter,Departure,Transit_Method,Distance_Time,Arrival,Primary_Myth
1,1,"Loc_A_1","Transit_1","1hr","Loc_B_1","Lore_Build_1"
1,2,"Loc_A_2","Transit_2","1hr","Loc_B_2","Lore_Build_2"
1,3,"Loc_A_3","Transit_3","1hr","Loc_B_3","Lore_Build_3"
1,4,"Loc_A_4","Transit_4","1hr","Loc_B_4","Lore_Build_4"
1,5,"Loc_A_5","Transit_5","1hr","Loc_B_5","Myth_Encounter_5"
1,6,"Loc_A_6","Transit_6","1hr","Loc_B_6","Lore_Build_6"
1,7,"Loc_A_7","Transit_7","1hr","Loc_B_7","Lore_Build_7"
1,8,"Loc_A_8","Transit_8","1hr","Loc_B_8","Lore_Build_8"
1,9,"Loc_A_9","Transit_9","1hr","Loc_B_9","Lore_Build_9"
1,10,"Loc_A_10","Transit_10","1hr","Loc_B_10","Myth_Encounter_10"
1,11,"Loc_A_11","Transit_11","1hr","Loc_B_11","Lore_Build_11"
1,12,"Loc_A_12","Transit_12","1hr","Loc_B_12","Lore_Build_12"
1,13,"Loc_A_13","Transit_13","1hr","Loc_B_13","Lore_Build_13"
1,14,"Loc_A_14","Transit_14","1hr","Loc_B_14","Lore_Build_14"
1,15,"Loc_A_15","Transit_15","1hr","Loc_B_15","Myth_Encounter_15"
1,16,"Loc_A_16","Transit_16","1hr","Loc_B_16","Lore_Build_16"
1,17,"Loc_A_17","Transit_17","1hr","Loc_B_17","Lore_Build_17"
1,18,"Loc_A_18","Transit_18","1hr","Loc_B_18","Lore_Build_18"
1,19,"Loc_A_19","Transit_19","1hr","Loc_B_19","Lore_Build_19"
1,20,"Loc_A_20","Transit_20","1hr","Loc_B_20","Myth_Encounter_20"
1,21,"Loc_A_21","Transit_21","1hr","Loc_B_21","Lore_Build_21"
1,22,"Loc_A_22","Transit_22","1hr","Loc_B_22","Lore_Build_22"
1,23,"Loc_A_23","Transit_23","1hr","Loc_B_23","Lore_Build_23"
1,24,"Loc_A_24","Transit_24","1hr","Loc_B_24","Lore_Build_24"
1,25,"Loc_A_25","Transit_25","1hr","Loc_B_25","Myth_Encounter_25"
1,26,"Loc_A_26","Transit_26","1hr","Loc_B_26","Lore_Build_26"
1,27,"Loc_A_27","Transit_27","1hr","Loc_B_27","Lore_Build_27"
1,28,"Loc_A_28","Transit_28","1hr","Loc_B_28","Lore_Build_28"
1,29,"Loc_A_29","Transit_29","1hr","Loc_B_29","Lore_Build_29"
1,30,"Loc_A_30","Transit_30","1hr","Loc_B_30","Myth_Encounter_30"
2,31,"Loc_A_31","Transit_31","1hr","Loc_B_31","Lore_Build_31"
2,32,"Loc_A_32","Transit_32","1hr","Loc_B_32","Lore_Build_32"
2,33,"Loc_A_33","Transit_33","1hr","Loc_B_33","Lore_Build_33"
2,34,"Loc_A_34","Transit_34","1hr","Loc_B_34","Lore_Build_34"
2,35,"Loc_A_35","Transit_35","1hr","Loc_B_35","Myth_Encounter_35"
2,36,"Loc_A_36","Transit_36","1hr","Loc_B_36","Lore_Build_36"
2,37,"Loc_A_37","Transit_37","1hr","Loc_B_37","Lore_Build_37"
2,38,"Loc_A_38","Transit_38","1hr","Loc_B_38","Lore_Build_38"
2,39,"Loc_A_39","Transit_39","1hr","Loc_B_39","Lore_Build_39"
2,40,"Loc_A_40","Transit_40","1hr","Loc_B_40","Myth_Encounter_40"
2,41,"Loc_A_41","Transit_41","1hr","Loc_B_41","Lore_Build_41"
2,42,"Loc_A_42","Transit_42","1hr","Loc_B_42","Lore_Build_42"
2,43,"Loc_A_43","Transit_43","1hr","Loc_B_43","Lore_Build_43"
2,44,"Loc_A_44","Transit_44","1hr","Loc_B_44","Lore_Build_44"
2,45,"Loc_A_45","Transit_45","1hr","Loc_B_45","Myth_Encounter_45"
2,46,"Loc_A_46","Transit_46","1hr","Loc_B_46","Lore_Build_46"
2,47,"Loc_A_47","Transit_47","1hr","Loc_B_47","Lore_Build_47"
2,48,"Loc_A_48","Transit_48","1hr","Loc_B_48","Lore_Build_48"
2,49,"Loc_A_49","Transit_49","1hr","Loc_B_49","Lore_Build_49"
2,50,"Loc_A_50","Transit_50","1hr","Loc_B_50","Myth_Encounter_50"
2,51,"Loc_A_51","Transit_51","1hr","Loc_B_51","Lore_Build_51"
2,52,"Loc_A_52","Transit_52","1hr","Loc_B_52","Lore_Build_52"
2,53,"Loc_A_53","Transit_53","1hr","Loc_B_53","Lore_Build_53"
2,54,"Loc_A_54","Transit_54","1hr","Loc_B_54","Lore_Build_54"
2,55,"Loc_A_55","Transit_55","1hr","Loc_B_55","Myth_Encounter_55"
2,56,"Loc_A_56","Transit_56","1hr","Loc_B_56","Lore_Build_56"
2,57,"Loc_A_57","Transit_57","1hr","Loc_B_57","Lore_Build_57"
2,58,"Loc_A_58","Transit_58","1hr","Loc_B_58","Lore_Build_58"
2,59,"Loc_A_59","Transit_59","1hr","Loc_B_59","Lore_Build_59"
2,60,"Loc_A_60","Transit_60","1hr","Loc_B_60","Myth_Encounter_60"
3,61,"Loc_A_61","Transit_61","1hr","Loc_B_61","Lore_Build_61"
3,62,"Loc_A_62","Transit_62","1hr","Loc_B_62","Lore_Build_62"
3,63,"Loc_A_63","Transit_63","1hr","Loc_B_63","Lore_Build_63"
3,64,"Loc_A_64","Transit_64","1hr","Loc_B_64","Lore_Build_64"
3,65,"Loc_A_65","Transit_65","1hr","Loc_B_65","Myth_Encounter_65"
3,66,"Loc_A_66","Transit_66","1hr","Loc_B_66","Lore_Build_66"
3,67,"Loc_A_67","Transit_67","1hr","Loc_B_67","Lore_Build_67"
3,68,"Loc_A_68","Transit_68","1hr","Loc_B_68","Lore_Build_68"
3,69,"Loc_A_69","Transit_69","1hr","Loc_B_69","Lore_Build_69"
3,70,"Loc_A_70","Transit_70","1hr","Loc_B_70","Myth_Encounter_70"
3,71,"Loc_A_71","Transit_71","1hr","Loc_B_71","Lore_Build_71"
3,72,"Loc_A_72","Transit_72","1hr","Loc_B_72","Lore_Build_72"
3,73,"Loc_A_73","Transit_73","1hr","Loc_B_73","Lore_Build_73"
3,74,"Loc_A_74","Transit_74","1hr","Loc_B_74","Lore_Build_74"
3,75,"Loc_A_75","Transit_75","1hr","Loc_B_75","Myth_Encounter_75"
3,76,"Loc_A_76","Transit_76","1hr","Loc_B_76","Lore_Build_76"
3,77,"Loc_A_77","Transit_77","1hr","Loc_B_77","Lore_Build_77"
3,78,"Loc_A_78","Transit_78","1hr","Loc_B_78","Lore_Build_78"
3,79,"Loc_A_79","Transit_79","1hr","Loc_B_79","Lore_Build_79"
3,80,"Loc_A_80","Transit_80","1hr","Loc_B_80","Myth_Encounter_80"
3,81,"Loc_A_81","Transit_81","1hr","Loc_B_81","Lore_Build_81"
3,82,"Loc_A_82","Transit_82","1hr","Loc_B_82","Lore_Build_82"
3,83,"Loc_A_83","Transit_83","1hr","Loc_B_83","Lore_Build_83"
3,84,"Loc_A_84","Transit_84","1hr","Loc_B_84","Lore_Build_84"
3,85,"Loc_A_85","Transit_85","1hr","Loc_B_85","Myth_Encounter_85"
3,86,"Loc_A_86","Transit_86","1hr","Loc_B_86","Lore_Build_86"
3,87,"Loc_A_87","Transit_87","1hr","Loc_B_87","Lore_Build_87"
3,88,"Loc_A_88","Transit_88","1hr","Loc_B_88","Lore_Build_88"
3,89,"Loc_A_89","Transit_89","1hr","Loc_B_89","Lore_Build_89"
3,90,"Loc_A_90","Transit_90","1hr","Loc_B_90","Myth_Encounter_90"
4,91,"Loc_A_91","Transit_91","1hr","Loc_B_91","Lore_Build_91"
4,92,"Loc_A_92","Transit_92","1hr","Loc_B_92","Lore_Build_92"
4,93,"Loc_A_93","Transit_93","1hr","Loc_B_93","Lore_Build_93"
4,94,"Loc_A_94","Transit_94","1hr","Loc_B_94","Lore_Build_94"
4,95,"Loc_A_95","Transit_95","1hr","Loc_B_95","Myth_Encounter_95"
4,96,"Loc_A_96","Transit_96","1hr","Loc_B_96","Lore_Build_96"
4,97,"Loc_A_97","Transit_97","1hr","Loc_B_97","Lore_Build_97"
4,98,"Loc_A_98","Transit_98","1hr","Loc_B_98","Lore_Build_98"
4,99,"Loc_A_99","Transit_99","1hr","Loc_B_99","Lore_Build_99"
4,100,"Loc_A_100","Transit_100","1hr","Loc_B_100","Myth_Encounter_100"
4,101,"Loc_A_101","Transit_101","1hr","Loc_B_101","Lore_Build_101"
4,102,"Loc_A_102","Transit_102","1hr","Loc_B_102","Lore_Build_102"
4,103,"Loc_A_103","Transit_103","1hr","Loc_B_103","Lore_Build_103"
4,104,"Loc_A_104","Transit_104","1hr","Loc_B_104","Lore_Build_104"
4,105,"Loc_A_105","Transit_105","1hr","Loc_B_105","Myth_Encounter_105"
4,106,"Loc_A_106","Transit_106","1hr","Loc_B_106","Lore_Build_106"
4,107,"Loc_A_107","Transit_107","1hr","Loc_B_107","Lore_Build_107"
4,108,"Loc_A_108","Transit_108","1hr","Loc_B_108","Lore_Build_108"
4,109,"Loc_A_109","Transit_109","1hr","Loc_B_109","Lore_Build_109"
4,110,"Loc_A_110","Transit_110","1hr","Loc_B_110","Myth_Encounter_110"
4,111,"Loc_A_111","Transit_111","1hr","Loc_B_111","Lore_Build_111"
4,112,"Loc_A_112","Transit_112","1hr","Loc_B_112","Lore_Build_112"
4,113,"Loc_A_113","Transit_113","1hr","Loc_B_113","Lore_Build_113"
4,114,"Loc_A_114","Transit_114","1hr","Loc_B_114","Lore_Build_114"
4,115,"Loc_A_115","Transit_115","1hr","Loc_B_115","Myth_Encounter_115"
4,116,"Loc_A_116","Transit_116","1hr","Loc_B_116","Lore_Build_116"
4,117,"Loc_A_117","Transit_117","1hr","Loc_B_117","Lore_Build_117"
4,118,"Loc_A_118","Transit_118","1hr","Loc_B_118","Lore_Build_118"
4,119,"Loc_A_119","Transit_119","1hr","Loc_B_119","Lore_Build_119"
4,120,"Loc_A_120","Transit_120","1hr","Loc_B_120","Myth_Encounter_120"
5,121,"Loc_A_121","Transit_121","1hr","Loc_B_121","Lore_Build_121"
5,122,"Loc_A_122","Transit_122","1hr","Loc_B_122","Lore_Build_122"
5,123,"Loc_A_123","Transit_123","1hr","Loc_B_123","Lore_Build_123"
5,124,"Loc_A_124","Transit_124","1hr","Loc_B_124","Lore_Build_124"
5,125,"Loc_A_125","Transit_125","1hr","Loc_B_125","Myth_Encounter_125"
5,126,"Loc_A_126","Transit_126","1hr","Loc_B_126","Lore_Build_126"
5,127,"Loc_A_127","Transit_127","1hr","Loc_B_127","Lore_Build_127"
5,128,"Loc_A_128","Transit_128","1hr","Loc_B_128","Lore_Build_128"
5,129,"Loc_A_129","Transit_129","1hr","Loc_B_129","Lore_Build_129"
5,130,"Loc_A_130","Transit_130","1hr","Loc_B_130","Myth_Encounter_130"
5,131,"Loc_A_131","Transit_131","1hr","Loc_B_131","Lore_Build_131"
5,132,"Loc_A_132","Transit_132","1hr","Loc_B_132","Lore_Build_132"
5,133,"Loc_A_133","Transit_133","1hr","Loc_B_133","Lore_Build_133"
5,134,"Loc_A_134","Transit_134","1hr","Loc_B_134","Lore_Build_134"
5,135,"Loc_A_135","Transit_135","1hr","Loc_B_135","Myth_Encounter_135"
5,136,"Loc_A_136","Transit_136","1hr","Loc_B_136","Lore_Build_136"
5,137,"Loc_A_137","Transit_137","1hr","Loc_B_137","Lore_Build_137"
5,138,"Loc_A_138","Transit_138","1hr","Loc_B_138","Lore_Build_138"
5,139,"Loc_A_139","Transit_139","1hr","Loc_B_139","Lore_Build_139"
5,140,"Loc_A_140","Transit_140","1hr","Loc_B_140","Myth_Encounter_140"
5,141,"Loc_A_141","Transit_141","1hr","Loc_B_141","Lore_Build_141"
5,142,"Loc_A_142","Transit_142","1hr","Loc_B_142","Lore_Build_142"
5,143,"Loc_A_143","Transit_143","1hr","Loc_B_143","Lore_Build_143"
5,144,"Loc_A_144","Transit_144","1hr","Loc_B_144","Lore_Build_144"
5,145,"Loc_A_145","Transit_145","1hr","Loc_B_145","Myth_Encounter_145"
5,146,"Loc_A_146","Transit_146","1hr","Loc_B_146","Lore_Build_146"
5,147,"Loc_A_147","Transit_147","1hr","Loc_B_147","Lore_Build_147"
5,148,"Loc_A_148","Transit_148","1hr","Loc_B_148","Lore_Build_148"
5,149,"Loc_A_149","Transit_149","1hr","Loc_B_149","Lore_Build_149"
5,150,"Loc_A_150","Transit_150","1hr","Loc_B_150","Myth_Encounter_150"